"season","week","manager_1","owner_id_1","score_1","result_1","manager_2","owner_id_2","score_2","result_2"
"2026","1","Danthecan","517079980760150016","0.0","T","acricci","559193893851738112","0.0","T"
"2026","1","steeeeeeeeeve","1002342256092762112","0.0","T","Mummanator","560265743531290624","0.0","T"
"2026","1","PhillyBooBird","559133018459394048","0.0","T","RJRJRJ123","517080755628453888","0.0","T"
"2026","1","ComradeCMP","559210519766609920","0.0","T","jackpotFTW","559132295743279104","0.0","T"
"2026","1","etmoyer","559135658332524544","0.0","T","Pnewport","694581224353632256","0.0","T"
"2026","2","Danthecan","517079980760150016","0.0","T","steeeeeeeeeve","1002342256092762112","0.0","T"
"2026","2","PhillyBooBird","559133018459394048","0.0","T","ComradeCMP","559210519766609920","0.0","T"
"2026","2","etmoyer","559135658332524544","0.0","T","RJRJRJ123","517080755628453888","0.0","T"
"2026","2","jackpotFTW","559132295743279104","0.0","T","acricci","559193893851738112","0.0","T"
"2026","2","Pnewport","694581224353632256","0.0","T","Mummanator","560265743531290624","0.0","T"
"2026","3","Danthecan","517079980760150016","0.0","T","jackpotFTW","559132295743279104","0.0","T"
"2026","3","steeeeeeeeeve","1002342256092762112","0.0","T","Pnewport","694581224353632256","0.0","T"
"2026","3","PhillyBooBird","559133018459394048","0.0","T","acricci","559193893851738112","0.0","T"
"2026","3","ComradeCMP","559210519766609920","0.0","T","etmoyer","559135658332524544","0.0","T"
"2026","3","RJRJRJ123","517080755628453888","0.0","T","Mummanator","560265743531290624","0.0","T"
"2026","4","Danthecan","517079980760150016","0.0","T","jackpotFTW","559132295743279104","0.0","T"
"2026","4","steeeeeeeeeve","1002342256092762112","0.0","T","RJRJRJ123","517080755628453888","0.0","T"
"2026","4","PhillyBooBird","559133018459394048","0.0","T","Pnewport","694581224353632256","0.0","T"
"2026","4","ComradeCMP","559210519766609920","0.0","T","Mummanator","560265743531290624","0.0","T"
"2026","4","etmoyer","559135658332524544","0.0","T","acricci","559193893851738112","0.0","T"
"2026","5","Danthecan","517079980760150016","0.0","T","etmoyer","559135658332524544","0.0","T"
"2026","5","steeeeeeeeeve","1002342256092762112","0.0","T","RJRJRJ123","517080755628453888","0.0","T"
"2026","5","PhillyBooBird","559133018459394048","0.0","T","jackpotFTW","559132295743279104","0.0","T"
"2026","5","ComradeCMP","559210519766609920","0.0","T","Pnewport","694581224353632256","0.0","T"
"2026","5","acricci","559193893851738112","0.0","T","Mummanator","560265743531290624","0.0","T"
"2026","6","Danthecan","517079980760150016","0.0","T","Mummanator","560265743531290624","0.0","T"
"2026","6","steeeeeeeeeve","1002342256092762112","0.0","T","PhillyBooBird","559133018459394048","0.0","T"
"2026","6","ComradeCMP","559210519766609920","0.0","T","RJRJRJ123","517080755628453888","0.0","T"
"2026","6","etmoyer","559135658332524544","0.0","T","jackpotFTW","559132295743279104","0.0","T"
"2026","6","Pnewport","694581224353632256","0.0","T","acricci","559193893851738112","0.0","T"
"2026","7","Danthecan","517079980760150016","0.0","T","Pnewport","694581224353632256","0.0","T"
"2026","7","steeeeeeeeeve","1002342256092762112","0.0","T","ComradeCMP","559210519766609920","0.0","T"
"2026","7","PhillyBooBird","559133018459394048","0.0","T","etmoyer","559135658332524544","0.0","T"
"2026","7","RJRJRJ123","517080755628453888","0.0","T","acricci","559193893851738112","0.0","T"
"2026","7","jackpotFTW","559132295743279104","0.0","T","Mummanator","560265743531290624","0.0","T"
"2026","8","Danthecan","517079980760150016","0.0","T","RJRJRJ123","517080755628453888","0.0","T"
"2026","8","steeeeeeeeeve","1002342256092762112","0.0","T","etmoyer","559135658332524544","0.0","T"
"2026","8","PhillyBooBird","559133018459394048","0.0","T","Mummanator","560265743531290624","0.0","T"
"2026","8","ComradeCMP","559210519766609920","0.0","T","acricci","559193893851738112","0.0","T"
"2026","8","jackpotFTW","559132295743279104","0.0","T","Pnewport","694581224353632256","0.0","T"
"2026","9","Danthecan","517079980760150016","0.0","T","ComradeCMP","559210519766609920","0.0","T"
"2026","9","steeeeeeeeeve","1002342256092762112","0.0","T","acricci","559193893851738112","0.0","T"
"2026","9","PhillyBooBird","559133018459394048","0.0","T","Pnewport","694581224353632256","0.0","T"
"2026","9","etmoyer","559135658332524544","0.0","T","Mummanator","560265743531290624","0.0","T"
"2026","9","RJRJRJ123","517080755628453888","0.0","T","jackpotFTW","559132295743279104","0.0","T"
"2026","10","Danthecan","517079980760150016","0.0","T","acricci","559193893851738112","0.0","T"
"2026","10","steeeeeeeeeve","1002342256092762112","0.0","T","Mummanator","560265743531290624","0.0","T"
"2026","10","PhillyBooBird","559133018459394048","0.0","T","RJRJRJ123","517080755628453888","0.0","T"
"2026","10","ComradeCMP","559210519766609920","0.0","T","jackpotFTW","559132295743279104","0.0","T"
"2026","10","etmoyer","559135658332524544","0.0","T","Pnewport","694581224353632256","0.0","T"
"2026","11","Danthecan","517079980760150016","0.0","T","steeeeeeeeeve","1002342256092762112","0.0","T"
"2026","11","PhillyBooBird","559133018459394048","0.0","T","ComradeCMP","559210519766609920","0.0","T"
"2026","11","etmoyer","559135658332524544","0.0","T","RJRJRJ123","517080755628453888","0.0","T"
"2026","11","jackpotFTW","559132295743279104","0.0","T","acricci","559193893851738112","0.0","T"
"2026","11","Pnewport","694581224353632256","0.0","T","Mummanator","560265743531290624","0.0","T"
"2026","12","Danthecan","517079980760150016","0.0","T","jackpotFTW","559132295743279104","0.0","T"
"2026","12","steeeeeeeeeve","1002342256092762112","0.0","T","Pnewport","694581224353632256","0.0","T"
"2026","12","PhillyBooBird","559133018459394048","0.0","T","acricci","559193893851738112","0.0","T"
"2026","12","ComradeCMP","559210519766609920","0.0","T","etmoyer","559135658332524544","0.0","T"
"2026","12","RJRJRJ123","517080755628453888","0.0","T","Mummanator","560265743531290624","0.0","T"
"2026","13","Danthecan","517079980760150016","0.0","T","jackpotFTW","559132295743279104","0.0","T"
"2026","13","steeeeeeeeeve","1002342256092762112","0.0","T","RJRJRJ123","517080755628453888","0.0","T"
"2026","13","PhillyBooBird","559133018459394048","0.0","T","Pnewport","694581224353632256","0.0","T"
"2026","13","ComradeCMP","559210519766609920","0.0","T","Mummanator","560265743531290624","0.0","T"
"2026","13","etmoyer","559135658332524544","0.0","T","acricci","559193893851738112","0.0","T"
"2026","14","Danthecan","517079980760150016","0.0","T","etmoyer","559135658332524544","0.0","T"
"2026","14","steeeeeeeeeve","1002342256092762112","0.0","T","RJRJRJ123","517080755628453888","0.0","T"
"2026","14","PhillyBooBird","559133018459394048","0.0","T","jackpotFTW","559132295743279104","0.0","T"
"2026","14","ComradeCMP","559210519766609920","0.0","T","Pnewport","694581224353632256","0.0","T"
"2026","14","acricci","559193893851738112","0.0","T","Mummanator","560265743531290624","0.0","T"
"2025","1","Danthecan","517079980760150016","143.14","L","Mummanator","560265743531290624","170.76","W"
"2025","1","steeeeeeeeeve","1002342256092762112","138.44","W","ComradeCMP","559210519766609920","122.74","L"
"2025","1","PhillyBooBird","559133018459394048","165.56","W","etmoyer","559135658332524544","111.32","L"
"2025","1","RJRJRJ123","517080755628453888","143.34","L","Pnewport","694581224353632256","144.68","W"
"2025","1","jackpotFTW","559132295743279104","168.88","W","THESMASH","559193893851738112","126.3","L"
"2025","2","Danthecan","517079980760150016","160.22","W","Pnewport","694581224353632256","142.52","L"
"2025","2","steeeeeeeeeve","1002342256092762112","106.5","L","jackpotFTW","559132295743279104","150.6","W"
"2025","2","PhillyBooBird","559133018459394048","137.54","W","THESMASH","559193893851738112","126.48","L"
"2025","2","ComradeCMP","559210519766609920","113.08","L","etmoyer","559135658332524544","197.0","W"
"2025","2","RJRJRJ123","517080755628453888","125.38","L","Mummanator","560265743531290624","156.42","W"
"2025","3","Danthecan","517079980760150016","183.34","W","RJRJRJ123","517080755628453888","107.78","L"
"2025","3","steeeeeeeeeve","1002342256092762112","157.26","W","etmoyer","559135658332524544","131.04","L"
"2025","3","PhillyBooBird","559133018459394048","141.06","L","jackpotFTW","559132295743279104","165.48","W"
"2025","3","ComradeCMP","559210519766609920","105.18","L","THESMASH","559193893851738112","146.38","W"
"2025","3","Pnewport","694581224353632256","114.9","L","Mummanator","560265743531290624","155.06","W"
"2025","4","Danthecan","517079980760150016","130.82","L","PhillyBooBird","559133018459394048","182.76","W"
"2025","4","steeeeeeeeeve","1002342256092762112","159.62","L","THESMASH","559193893851738112","176.22","W"
"2025","4","ComradeCMP","559210519766609920","165.08","L","RJRJRJ123","517080755628453888","191.28","W"
"2025","4","etmoyer","559135658332524544","134.6","L","Mummanator","560265743531290624","150.78","W"
"2025","4","jackpotFTW","559132295743279104","130.18","L","Pnewport","694581224353632256","172.86","W"
"2025","5","Danthecan","517079980760150016","167.1","W","etmoyer","559135658332524544","162.94","L"
"2025","5","steeeeeeeeeve","1002342256092762112","155.2","W","RJRJRJ123","517080755628453888","134.3","L"
"2025","5","PhillyBooBird","559133018459394048","164.18","W","Mummanator","560265743531290624","157.7","L"
"2025","5","ComradeCMP","559210519766609920","130.48","L","jackpotFTW","559132295743279104","179.68","W"
"2025","5","Pnewport","694581224353632256","164.5","W","THESMASH","559193893851738112","144.44","L"
"2025","6","Danthecan","517079980760150016","149.72","W","steeeeeeeeeve","1002342256092762112","124.84","L"
"2025","6","PhillyBooBird","559133018459394048","148.46","W","Pnewport","694581224353632256","130.7","L"
"2025","6","ComradeCMP","559210519766609920","106.0","W","Mummanator","560265743531290624","105.34","L"
"2025","6","etmoyer","559135658332524544","173.26","W","jackpotFTW","559132295743279104","151.9","L"
"2025","6","RJRJRJ123","517080755628453888","131.66","L","THESMASH","559193893851738112","172.02","W"
"2025","7","Danthecan","517079980760150016","128.9","L","THESMASH","559193893851738112","167.22","W"
"2025","7","steeeeeeeeeve","1002342256092762112","158.5","L","Mummanator","560265743531290624","163.08","W"
"2025","7","PhillyBooBird","559133018459394048","137.66","L","ComradeCMP","559210519766609920","153.04","W"
"2025","7","etmoyer","559135658332524544","110.08","W","Pnewport","694581224353632256","105.22","L"
"2025","7","RJRJRJ123","517080755628453888","139.7","L","jackpotFTW","559132295743279104","189.48","W"
"2025","8","Danthecan","517079980760150016","171.88","L","jackpotFTW","559132295743279104","185.24","W"
"2025","8","steeeeeeeeeve","1002342256092762112","104.7","L","PhillyBooBird","559133018459394048","164.2","W"
"2025","8","ComradeCMP","559210519766609920","96.84","L","Pnewport","694581224353632256","145.56","W"
"2025","8","etmoyer","559135658332524544","130.86","L","RJRJRJ123","517080755628453888","139.4","W"
"2025","8","THESMASH","559193893851738112","129.64","L","Mummanator","560265743531290624","162.52","W"
"2025","9","Danthecan","517079980760150016","146.62","W","ComradeCMP","559210519766609920","127.22","L"
"2025","9","steeeeeeeeeve","1002342256092762112","115.16","L","Pnewport","694581224353632256","123.84","W"
"2025","9","PhillyBooBird","559133018459394048","154.3","L","RJRJRJ123","517080755628453888","178.62","W"
"2025","9","etmoyer","559135658332524544","158.36","L","THESMASH","559193893851738112","158.56","W"
"2025","9","jackpotFTW","559132295743279104","141.12","L","Mummanator","560265743531290624","180.8","W"
"2025","10","Danthecan","517079980760150016","139.1","W","Mummanator","560265743531290624","132.64","L"
"2025","10","steeeeeeeeeve","1002342256092762112","141.52","W","ComradeCMP","559210519766609920","97.22","L"
"2025","10","PhillyBooBird","559133018459394048","142.44","W","etmoyer","559135658332524544","140.3","L"
"2025","10","RJRJRJ123","517080755628453888","105.52","L","Pnewport","694581224353632256","164.18","W"
"2025","10","jackpotFTW","559132295743279104","214.86","W","THESMASH","559193893851738112","143.1","L"
"2025","11","Danthecan","517079980760150016","143.42","W","Pnewport","694581224353632256","141.72","L"
"2025","11","steeeeeeeeeve","1002342256092762112","132.42","L","jackpotFTW","559132295743279104","158.94","W"
"2025","11","PhillyBooBird","559133018459394048","128.02","W","THESMASH","559193893851738112","120.04","L"
"2025","11","ComradeCMP","559210519766609920","81.18","L","etmoyer","559135658332524544","150.2","W"
"2025","11","RJRJRJ123","517080755628453888","136.66","W","Mummanator","560265743531290624","132.52","L"
"2025","12","Danthecan","517079980760150016","168.92","W","RJRJRJ123","517080755628453888","113.24","L"
"2025","12","steeeeeeeeeve","1002342256092762112","167.6","W","etmoyer","559135658332524544","90.16","L"
"2025","12","PhillyBooBird","559133018459394048","132.0","W","jackpotFTW","559132295743279104","112.78","L"
"2025","12","ComradeCMP","559210519766609920","111.98","L","THESMASH","559193893851738112","127.74","W"
"2025","12","Pnewport","694581224353632256","147.0","L","Mummanator","560265743531290624","171.94","W"
"2025","13","Danthecan","517079980760150016","161.1","W","PhillyBooBird","559133018459394048","158.16","L"
"2025","13","steeeeeeeeeve","1002342256092762112","127.64","L","THESMASH","559193893851738112","167.32","W"
"2025","13","ComradeCMP","559210519766609920","116.8","L","RJRJRJ123","517080755628453888","154.2","W"
"2025","13","etmoyer","559135658332524544","180.98","W","Mummanator","560265743531290624","124.56","L"
"2025","13","jackpotFTW","559132295743279104","115.94","W","Pnewport","694581224353632256","103.8","L"
"2025","14","Danthecan","517079980760150016","181.52","W","etmoyer","559135658332524544","166.72","L"
"2025","14","steeeeeeeeeve","1002342256092762112","161.14","W","RJRJRJ123","517080755628453888","152.2","L"
"2025","14","PhillyBooBird","559133018459394048","96.48","L","Mummanator","560265743531290624","148.2","W"
"2025","14","ComradeCMP","559210519766609920","90.62","L","jackpotFTW","559132295743279104","158.5","W"
"2025","14","Pnewport","694581224353632256","129.44","W","THESMASH","559193893851738112","114.0","L"
"2024","1","Danthecan","517079980760150016","99.56","L","THESMASH","559193893851738112","133.34","W"
"2024","1","steeeeeeeeeve","1002342256092762112","105.16","L","Pnewport","694581224353632256","141.08","W"
"2024","1","PhillyBooBird","559133018459394048","134.22","W","LukeColbeck","626798676303499264","111.48","L"
"2024","1","ComradeCMP","559210519766609920","100.66","L","etmoyer","559135658332524544","150.96","W"
"2024","1","jackpotFTW","559132295743279104","125.78","L","Mummanator","560265743531290624","131.42","W"
"2024","2","Danthecan","517079980760150016","115.7","L","Pnewport","694581224353632256","122.86","W"
"2024","2","steeeeeeeeeve","1002342256092762112","171.02","W","ComradeCMP","559210519766609920","62.5","L"
"2024","2","PhillyBooBird","559133018459394048","150.42","W","Mummanator","560265743531290624","117.08","L"
"2024","2","etmoyer","559135658332524544","92.32","L","THESMASH","559193893851738112","171.74","W"
"2024","2","LukeColbeck","626798676303499264","132.24","L","jackpotFTW","559132295743279104","150.36","W"
"2024","3","Danthecan","517079980760150016","101.1","L","steeeeeeeeeve","1002342256092762112","166.26","W"
"2024","3","PhillyBooBird","559133018459394048","93.24","L","jackpotFTW","559132295743279104","131.52","W"
"2024","3","ComradeCMP","559210519766609920","90.16","L","THESMASH","559193893851738112","127.08","W"
"2024","3","etmoyer","559135658332524544","132.76","W","Pnewport","694581224353632256","88.28","L"
"2024","3","LukeColbeck","626798676303499264","124.1","L","Mummanator","560265743531290624","150.18","W"
"2024","4","Danthecan","517079980760150016","160.3","W","jackpotFTW","559132295743279104","94.4","L"
"2024","4","steeeeeeeeeve","1002342256092762112","153.94","W","LukeColbeck","626798676303499264","111.28","L"
"2024","4","PhillyBooBird","559133018459394048","118.22","L","etmoyer","559135658332524544","140.38","W"
"2024","4","ComradeCMP","559210519766609920","93.12","L","Pnewport","694581224353632256","113.76","W"
"2024","4","THESMASH","559193893851738112","99.7","L","Mummanator","560265743531290624","180.24","W"
"2024","5","Danthecan","517079980760150016","122.64","L","Mummanator","560265743531290624","131.22","W"
"2024","5","steeeeeeeeeve","1002342256092762112","96.68","L","etmoyer","559135658332524544","193.38","W"
"2024","5","PhillyBooBird","559133018459394048","153.0","W","ComradeCMP","559210519766609920","81.92","L"
"2024","5","LukeColbeck","626798676303499264","139.36","L","Pnewport","694581224353632256","146.14","W"
"2024","5","jackpotFTW","559132295743279104","155.54","W","THESMASH","559193893851738112","143.24","L"
"2024","6","Danthecan","517079980760150016","98.38","L","LukeColbeck","626798676303499264","117.32","W"
"2024","6","steeeeeeeeeve","1002342256092762112","73.82","L","THESMASH","559193893851738112","172.26","W"
"2024","6","PhillyBooBird","559133018459394048","138.66","L","Pnewport","694581224353632256","147.3","W"
"2024","6","ComradeCMP","559210519766609920","113.66","L","jackpotFTW","559132295743279104","150.1","W"
"2024","6","etmoyer","559135658332524544","105.62","L","Mummanator","560265743531290624","131.12","W"
"2024","7","Danthecan","517079980760150016","86.94","L","etmoyer","559135658332524544","115.54","W"
"2024","7","steeeeeeeeeve","1002342256092762112","104.18","L","PhillyBooBird","559133018459394048","157.06","W"
"2024","7","ComradeCMP","559210519766609920","38.64","L","Mummanator","560265743531290624","156.84","W"
"2024","7","LukeColbeck","626798676303499264","81.1","L","THESMASH","559193893851738112","103.14","W"
"2024","7","jackpotFTW","559132295743279104","116.22","L","Pnewport","694581224353632256","127.68","W"
"2024","8","Danthecan","517079980760150016","126.6","W","ComradeCMP","559210519766609920","105.74","L"
"2024","8","steeeeeeeeeve","1002342256092762112","127.7","L","jackpotFTW","559132295743279104","157.62","W"
"2024","8","PhillyBooBird","559133018459394048","166.74","W","THESMASH","559193893851738112","136.48","L"
"2024","8","etmoyer","559135658332524544","160.06","W","LukeColbeck","626798676303499264","77.46","L"
"2024","8","Pnewport","694581224353632256","165.1","W","Mummanator","560265743531290624","138.76","L"
"2024","9","Danthecan","517079980760150016","147.14","L","PhillyBooBird","559133018459394048","150.4","W"
"2024","9","steeeeeeeeeve","1002342256092762112","135.92","L","Mummanator","560265743531290624","153.2","W"
"2024","9","ComradeCMP","559210519766609920","98.36","W","LukeColbeck","626798676303499264","87.5","L"
"2024","9","etmoyer","559135658332524544","142.64","L","jackpotFTW","559132295743279104","150.6","W"
"2024","9","Pnewport","694581224353632256","77.46","L","THESMASH","559193893851738112","143.04","W"
"2024","10","Danthecan","517079980760150016","60.0","L","THESMASH","559193893851738112","124.74","W"
"2024","10","steeeeeeeeeve","1002342256092762112","90.74","L","Pnewport","694581224353632256","119.12","W"
"2024","10","PhillyBooBird","559133018459394048","139.28","W","LukeColbeck","626798676303499264","65.3","L"
"2024","10","ComradeCMP","559210519766609920","76.98","L","etmoyer","559135658332524544","197.02","W"
"2024","10","jackpotFTW","559132295743279104","117.5","L","Mummanator","560265743531290624","136.7","W"
"2024","11","Danthecan","517079980760150016","109.78","L","Pnewport","694581224353632256","190.76","W"
"2024","11","steeeeeeeeeve","1002342256092762112","91.74","W","ComradeCMP","559210519766609920","88.54","L"
"2024","11","PhillyBooBird","559133018459394048","168.14","L","Mummanator","560265743531290624","170.78","W"
"2024","11","etmoyer","559135658332524544","175.74","W","THESMASH","559193893851738112","105.84","L"
"2024","11","LukeColbeck","626798676303499264","124.94","L","jackpotFTW","559132295743279104","127.78","W"
"2024","12","Danthecan","517079980760150016","152.22","W","steeeeeeeeeve","1002342256092762112","104.3","L"
"2024","12","PhillyBooBird","559133018459394048","126.86","L","jackpotFTW","559132295743279104","140.66","W"
"2024","12","ComradeCMP","559210519766609920","104.3","L","THESMASH","559193893851738112","108.66","W"
"2024","12","etmoyer","559135658332524544","121.96","W","Pnewport","694581224353632256","120.28","L"
"2024","12","LukeColbeck","626798676303499264","107.62","L","Mummanator","560265743531290624","198.48","W"
"2024","13","Danthecan","517079980760150016","111.66","L","jackpotFTW","559132295743279104","125.12","W"
"2024","13","steeeeeeeeeve","1002342256092762112","107.4","L","LukeColbeck","626798676303499264","157.6","W"
"2024","13","PhillyBooBird","559133018459394048","138.22","W","etmoyer","559135658332524544","124.56","L"
"2024","13","ComradeCMP","559210519766609920","97.04","L","Pnewport","694581224353632256","140.56","W"
"2024","13","THESMASH","559193893851738112","133.64","L","Mummanator","560265743531290624","145.58","W"
"2024","14","Danthecan","517079980760150016","99.76","L","Mummanator","560265743531290624","121.76","W"
"2024","14","steeeeeeeeeve","1002342256092762112","129.18","L","etmoyer","559135658332524544","204.26","W"
"2024","14","PhillyBooBird","559133018459394048","143.62","W","ComradeCMP","559210519766609920","82.42","L"
"2024","14","LukeColbeck","626798676303499264","163.36","L","Pnewport","694581224353632256","166.3","W"
"2024","14","jackpotFTW","559132295743279104","154.38","W","THESMASH","559193893851738112","121.82","L"
"2023","1","Danthecan","517079980760150016","115.38","W","THESMASH","559193893851738112","100.34","L"
"2023","1","ekortman","559134002064789504","144.98","W","LukeColbeck","626798676303499264","143.84","L"
"2023","1","PhillyBooBird","559133018459394048","156.6","W","ComradeCMP","559210519766609920","133.06","L"
"2023","1","etmoyer","559135658332524544","97.32","W","jackpotFTW","559132295743279104","86.44","L"
"2023","1","Pnewport","694581224353632256","121.94","W","Mummanator","560265743531290624","89.36","L"
"2023","2","Danthecan","517079980760150016","123.12","L","PhillyBooBird","559133018459394048","127.22","W"
"2023","2","ekortman","559134002064789504","143.84","L","Mummanator","560265743531290624","149.58","W"
"2023","2","ComradeCMP","559210519766609920","158.2","W","THESMASH","559193893851738112","116.3","L"
"2023","2","etmoyer","559135658332524544","105.8","L","Pnewport","694581224353632256","110.74","W"
"2023","2","LukeColbeck","626798676303499264","135.14","L","jackpotFTW","559132295743279104","148.46","W"
"2023","3","Danthecan","517079980760150016","142.16","W","ComradeCMP","559210519766609920","130.6","L"
"2023","3","ekortman","559134002064789504","110.16","W","jackpotFTW","559132295743279104","101.42","L"
"2023","3","PhillyBooBird","559133018459394048","128.78","W","THESMASH","559193893851738112","125.08","L"
"2023","3","etmoyer","559135658332524544","177.66","L","Mummanator","560265743531290624","185.54","W"
"2023","3","LukeColbeck","626798676303499264","169.46","W","Pnewport","694581224353632256","104.96","L"
"2023","4","Danthecan","517079980760150016","107.28","L","etmoyer","559135658332524544","185.96","W"
"2023","4","ekortman","559134002064789504","80.2","L","Pnewport","694581224353632256","139.1","W"
"2023","4","PhillyBooBird","559133018459394048","126.46","W","Mummanator","560265743531290624","124.42","L"
"2023","4","ComradeCMP","559210519766609920","132.98","L","LukeColbeck","626798676303499264","164.98","W"
"2023","4","jackpotFTW","559132295743279104","98.2","L","THESMASH","559193893851738112","126.62","W"
"2023","5","Danthecan","517079980760150016","137.62","W","jackpotFTW","559132295743279104","93.86","L"
"2023","5","ekortman","559134002064789504","93.02","L","ComradeCMP","559210519766609920","116.48","W"
"2023","5","PhillyBooBird","559133018459394048","130.12","L","Pnewport","694581224353632256","142.68","W"
"2023","5","etmoyer","559135658332524544","186.54","W","THESMASH","559193893851738112","133.14","L"
"2023","5","LukeColbeck","626798676303499264","173.5","W","Mummanator","560265743531290624","149.14","L"
"2023","6","Danthecan","517079980760150016","142.38","W","ekortman","559134002064789504","124.04","L"
"2023","6","PhillyBooBird","559133018459394048","107.6","L","etmoyer","559135658332524544","143.5","W"
"2023","6","ComradeCMP","559210519766609920","102.98","L","Pnewport","694581224353632256","139.42","W"
"2023","6","LukeColbeck","626798676303499264","108.54","L","THESMASH","559193893851738112","121.24","W"
"2023","6","jackpotFTW","559132295743279104","140.46","W","Mummanator","560265743531290624","114.32","L"
"2023","7","Danthecan","517079980760150016","111.54","L","Pnewport","694581224353632256","130.18","W"
"2023","7","ekortman","559134002064789504","152.16","L","THESMASH","559193893851738112","154.66","W"
"2023","7","PhillyBooBird","559133018459394048","118.56","W","jackpotFTW","559132295743279104","117.2","L"
"2023","7","ComradeCMP","559210519766609920","120.56","W","Mummanator","560265743531290624","116.46","L"
"2023","7","etmoyer","559135658332524544","163.22","W","LukeColbeck","626798676303499264","160.66","L"
"2023","8","Danthecan","517079980760150016","126.66","L","Mummanator","560265743531290624","143.68","W"
"2023","8","ekortman","559134002064789504","131.56","L","etmoyer","559135658332524544","178.32","W"
"2023","8","PhillyBooBird","559133018459394048","150.36","W","LukeColbeck","626798676303499264","134.78","L"
"2023","8","ComradeCMP","559210519766609920","83.52","L","jackpotFTW","559132295743279104","154.96","W"
"2023","8","Pnewport","694581224353632256","118.6","L","THESMASH","559193893851738112","139.8","W"
"2023","9","Danthecan","517079980760150016","116.52","L","LukeColbeck","626798676303499264","140.22","W"
"2023","9","ekortman","559134002064789504","130.06","L","PhillyBooBird","559133018459394048","154.68","W"
"2023","9","ComradeCMP","559210519766609920","101.74","L","etmoyer","559135658332524544","118.62","W"
"2023","9","jackpotFTW","559132295743279104","145.82","W","Pnewport","694581224353632256","91.84","L"
"2023","9","THESMASH","559193893851738112","123.5","W","Mummanator","560265743531290624","86.18","L"
"2023","10","Danthecan","517079980760150016","146.96","W","THESMASH","559193893851738112","118.32","L"
"2023","10","ekortman","559134002064789504","165.96","W","LukeColbeck","626798676303499264","123.16","L"
"2023","10","PhillyBooBird","559133018459394048","144.62","W","ComradeCMP","559210519766609920","118.52","L"
"2023","10","etmoyer","559135658332524544","152.48","W","jackpotFTW","559132295743279104","129.28","L"
"2023","10","Pnewport","694581224353632256","162.24","W","Mummanator","560265743531290624","137.42","L"
"2023","11","Danthecan","517079980760150016","137.04","W","PhillyBooBird","559133018459394048","122.5","L"
"2023","11","ekortman","559134002064789504","86.86","L","Mummanator","560265743531290624","162.36","W"
"2023","11","ComradeCMP","559210519766609920","129.6","W","THESMASH","559193893851738112","84.48","L"
"2023","11","etmoyer","559135658332524544","110.24","L","Pnewport","694581224353632256","133.36","W"
"2023","11","LukeColbeck","626798676303499264","137.86","L","jackpotFTW","559132295743279104","139.4","W"
"2023","12","Danthecan","517079980760150016","144.96","W","ComradeCMP","559210519766609920","106.28","L"
"2023","12","ekortman","559134002064789504","106.34","L","jackpotFTW","559132295743279104","188.26","W"
"2023","12","PhillyBooBird","559133018459394048","160.3","W","THESMASH","559193893851738112","120.12","L"
"2023","12","etmoyer","559135658332524544","165.58","W","Mummanator","560265743531290624","117.08","L"
"2023","12","LukeColbeck","626798676303499264","147.34","W","Pnewport","694581224353632256","128.48","L"
"2023","13","Danthecan","517079980760150016","89.7","L","etmoyer","559135658332524544","180.14","W"
"2023","13","ekortman","559134002064789504","174.66","W","Pnewport","694581224353632256","149.56","L"
"2023","13","PhillyBooBird","559133018459394048","164.12","W","Mummanator","560265743531290624","140.74","L"
"2023","13","ComradeCMP","559210519766609920","97.48","W","LukeColbeck","626798676303499264","90.0","L"
"2023","13","jackpotFTW","559132295743279104","127.88","W","THESMASH","559193893851738112","121.7","L"
"2023","14","Danthecan","517079980760150016","135.7","L","jackpotFTW","559132295743279104","151.32","W"
"2023","14","ekortman","559134002064789504","68.04","L","ComradeCMP","559210519766609920","130.54","W"
"2023","14","PhillyBooBird","559133018459394048","151.88","W","Pnewport","694581224353632256","130.82","L"
"2023","14","etmoyer","559135658332524544","92.74","W","THESMASH","559193893851738112","87.74","L"
"2023","14","LukeColbeck","626798676303499264","113.12","L","Mummanator","560265743531290624","130.44","W"
"2022","1","Danthecan","517079980760150016","159.55","W","THESMASH","559193893851738112","112.7","L"
"2022","1","ekortman","559134002064789504","129.87","L","etmoyer","559135658332524544","132.61","W"
"2022","1","PhillyBooBird","559133018459394048","142.67","L","jackpotFTW","559132295743279104","158.33","W"
"2022","1","ComradeCMP","559210519766609920","138.51","W","Mummanator","560265743531290624","134.22","L"
"2022","1","LukeColbeck","626798676303499264","188.72","W","Pnewport","694581224353632256","111.41","L"
"2022","2","Danthecan","517079980760150016","124.76","L","jackpotFTW","559132295743279104","131.93","W"
"2022","2","ekortman","559134002064789504","148.06","W","Mummanator","560265743531290624","137.37","L"
"2022","2","PhillyBooBird","559133018459394048","115.37","L","LukeColbeck","626798676303499264","143.28","W"
"2022","2","ComradeCMP","559210519766609920","159.76","W","etmoyer","559135658332524544","141.43","L"
"2022","2","Pnewport","694581224353632256","169.15","W","THESMASH","559193893851738112","137.35","L"
"2022","3","Danthecan","517079980760150016","100.46","L","Pnewport","694581224353632256","143.44","W"
"2022","3","ekortman","559134002064789504","136.55","W","ComradeCMP","559210519766609920","114.28","L"
"2022","3","PhillyBooBird","559133018459394048","149.8","L","THESMASH","559193893851738112","169.13","W"
"2022","3","etmoyer","559135658332524544","127.92","L","Mummanator","560265743531290624","154.07","W"
"2022","3","LukeColbeck","626798676303499264","115.81","L","jackpotFTW","559132295743279104","120.45","W"
"2022","4","Danthecan","517079980760150016","119.33","L","PhillyBooBird","559133018459394048","122.66","W"
"2022","4","ekortman","559134002064789504","126.18","L","THESMASH","559193893851738112","130.11","W"
"2022","4","ComradeCMP","559210519766609920","191.45","W","LukeColbeck","626798676303499264","181.73","L"
"2022","4","etmoyer","559135658332524544","132.07","L","jackpotFTW","559132295743279104","174.67","W"
"2022","4","Pnewport","694581224353632256","96.3","L","Mummanator","560265743531290624","124.21","W"
"2022","5","Danthecan","517079980760150016","84.26","L","ekortman","559134002064789504","114.88","W"
"2022","5","PhillyBooBird","559133018459394048","139.16","L","etmoyer","559135658332524544","161.69","W"
"2022","5","ComradeCMP","559210519766609920","151.47","W","Pnewport","694581224353632256","92.16","L"
"2022","5","LukeColbeck","626798676303499264","166.52","L","Mummanator","560265743531290624","171.16","W"
"2022","5","jackpotFTW","559132295743279104","135.41","L","THESMASH","559193893851738112","184.83","W"
"2022","6","Danthecan","517079980760150016","138.91","W","ComradeCMP","559210519766609920","129.72","L"
"2022","6","ekortman","559134002064789504","146.55","W","PhillyBooBird","559133018459394048","127.65","L"
"2022","6","etmoyer","559135658332524544","118.58","L","LukeColbeck","626798676303499264","140.08","W"
"2022","6","jackpotFTW","559132295743279104","122.81","L","Pnewport","694581224353632256","125.92","W"
"2022","6","THESMASH","559193893851738112","133.57","W","Mummanator","560265743531290624","127.75","L"
"2022","7","Danthecan","517079980760150016","150.95","W","Mummanator","560265743531290624","148.9","L"
"2022","7","ekortman","559134002064789504","149.29","W","jackpotFTW","559132295743279104","122.49","L"
"2022","7","PhillyBooBird","559133018459394048","130.9","W","ComradeCMP","559210519766609920","92.32","L"
"2022","7","etmoyer","559135658332524544","124.58","W","Pnewport","694581224353632256","117.43","L"
"2022","7","LukeColbeck","626798676303499264","91.51","L","THESMASH","559193893851738112","131.87","W"
"2022","8","Danthecan","517079980760150016","147.31","L","LukeColbeck","626798676303499264","174.94","W"
"2022","8","ekortman","559134002064789504","138.63","W","Pnewport","694581224353632256","121.79","L"
"2022","8","PhillyBooBird","559133018459394048","114.9","L","Mummanator","560265743531290624","200.57","W"
"2022","8","ComradeCMP","559210519766609920","124.63","L","jackpotFTW","559132295743279104","161.47","W"
"2022","8","etmoyer","559135658332524544","188.16","W","THESMASH","559193893851738112","125.17","L"
"2022","9","Danthecan","517079980760150016","158.62","W","etmoyer","559135658332524544","146.87","L"
"2022","9","ekortman","559134002064789504","161.24","L","LukeColbeck","626798676303499264","175.65","W"
"2022","9","PhillyBooBird","559133018459394048","86.42","L","Pnewport","694581224353632256","112.05","W"
"2022","9","ComradeCMP","559210519766609920","135.4","W","THESMASH","559193893851738112","97.39","L"
"2022","9","jackpotFTW","559132295743279104","105.45","L","Mummanator","560265743531290624","120.42","W"
"2022","10","Danthecan","517079980760150016","111.11","L","THESMASH","559193893851738112","120.04","W"
"2022","10","ekortman","559134002064789504","159.19","W","etmoyer","559135658332524544","149.78","L"
"2022","10","PhillyBooBird","559133018459394048","109.45","L","jackpotFTW","559132295743279104","164.55","W"
"2022","10","ComradeCMP","559210519766609920","111.53","W","Mummanator","560265743531290624","110.52","L"
"2022","10","LukeColbeck","626798676303499264","171.66","W","Pnewport","694581224353632256","126.1","L"
"2022","11","Danthecan","517079980760150016","129.85","W","jackpotFTW","559132295743279104","102.53","L"
"2022","11","ekortman","559134002064789504","145.5","L","Mummanator","560265743531290624","164.92","W"
"2022","11","PhillyBooBird","559133018459394048","133.05","W","LukeColbeck","626798676303499264","114.05","L"
"2022","11","ComradeCMP","559210519766609920","113.35","L","etmoyer","559135658332524544","194.37","W"
"2022","11","Pnewport","694581224353632256","89.89","L","THESMASH","559193893851738112","127.21","W"
"2022","12","Danthecan","517079980760150016","113.76","L","Pnewport","694581224353632256","126.97","W"
"2022","12","ekortman","559134002064789504","133.75","L","ComradeCMP","559210519766609920","157.11","W"
"2022","12","PhillyBooBird","559133018459394048","147.77","L","THESMASH","559193893851738112","160.65","W"
"2022","12","etmoyer","559135658332524544","138.39","W","Mummanator","560265743531290624","125.56","L"
"2022","12","LukeColbeck","626798676303499264","168.58","W","jackpotFTW","559132295743279104","159.32","L"
"2022","13","Danthecan","517079980760150016","139.5","W","PhillyBooBird","559133018459394048","101.85","L"
"2022","13","ekortman","559134002064789504","170.24","W","THESMASH","559193893851738112","124.82","L"
"2022","13","ComradeCMP","559210519766609920","140.45","L","LukeColbeck","626798676303499264","148.41","W"
"2022","13","etmoyer","559135658332524544","159.75","W","jackpotFTW","559132295743279104","100.67","L"
"2022","13","Pnewport","694581224353632256","138.25","W","Mummanator","560265743531290624","119.54","L"
"2022","14","Danthecan","517079980760150016","80.7","L","ekortman","559134002064789504","143.66","W"
"2022","14","PhillyBooBird","559133018459394048","109.93","L","etmoyer","559135658332524544","161.76","W"
"2022","14","ComradeCMP","559210519766609920","107.63","L","Pnewport","694581224353632256","110.76","W"
"2022","14","LukeColbeck","626798676303499264","135.57","L","Mummanator","560265743531290624","185.56","W"
"2022","14","jackpotFTW","559132295743279104","107.83","L","THESMASH","559193893851738112","140.08","W"
